{
    "mse": 10.697587248322169,
    "mae": 1.37728187919463,
    "r2": 0.6354008707649517,
    "cross_val_mse": 22.875488523489917,
    "feature_importances": [
        0.58321677675199,
        0.2503998162757854,
        5.2444245554865356e-05,
        3.8265050540692474e-05,
        0.1661518271879998,
        4.049627079115759e-05,
        5.097612822310668e-05,
        7.316355809828797e-06,
        4.208173330516282e-05
    ]
}