{
    "mse": 19.303428353658557,
    "mae": 1.864664634146341,
    "r2": 0.5829078543493531,
    "cross_val_mse": 81.05792444523422,
    "feature_importances": [
        0.42003028662723757,
        0.3622280487277889,
        0.00015861242174954133,
        0.0001949329553287379,
        0.21667404387927783,
        0.00021090882312679694,
        0.0002712383924825537,
        1.1752004342927988e-05,
        0.0002201761686650807
    ]
}