{
    "number_of_nodes": 90.0,
    "number_of_edges": 89.0,
    "cascade_size": 89.0,
    "tree_depth": 8.0,
    "in_degree_distribution": [
        0,
        1,
        1,
        1,
        1,
        1,
        1,
        1,
        1,
        1,
        1,
        1,
        1,
        1,
        1,
        1,
        1,
        1,
        1,
        1,
        1,
        1,
        1,
        1,
        1,
        1,
        1,
        1,
        1,
        1,
        1,
        1,
        1,
        1,
        1,
        1,
        1,
        1,
        1,
        1,
        1,
        1,
        1,
        1,
        1,
        1,
        1,
        1,
        1,
        1,
        1,
        1,
        1,
        1,
        1,
        1,
        1,
        1,
        1,
        1,
        1,
        1,
        1,
        1,
        1,
        1,
        1,
        1,
        1,
        1,
        1,
        1,
        1,
        1,
        1,
        1,
        1,
        1,
        1,
        1,
        1,
        1,
        1,
        1,
        1,
        1,
        1,
        1,
        1,
        1
    ],
    "out_degree_distribution": [
        1,
        40,
        0,
        0,
        0,
        0,
        0,
        0,
        0,
        0,
        7,
        0,
        0,
        1,
        0,
        0,
        0,
        0,
        1,
        0,
        0,
        1,
        2,
        1,
        0,
        0,
        1,
        10,
        0,
        2,
        0,
        0,
        0,
        2,
        0,
        1,
        6,
        0,
        0,
        0,
        0,
        1,
        0,
        0,
        1,
        0,
        0,
        0,
        0,
        0,
        0,
        0,
        0,
        0,
        0,
        0,
        0,
        0,
        0,
        2,
        2,
        0,
        0,
        0,
        0,
        0,
        0,
        1,
        0,
        1,
        0,
        0,
        0,
        0,
        0,
        2,
        1,
        0,
        0,
        0,
        0,
        0,
        0,
        0,
        0,
        1,
        1,
        0,
        0,
        0
    ],
    "propagation_delay_min": 0.0,
    "propagation_delay_mean": 26.342134831460672,
    "propagation_delay_max": 340.28,
    "reaction_time_min": 0.0,
    "reaction_time_mean": 26.342134831460672,
    "reaction_time_max": 340.28,
    "betweenness_centrality": {
        "ROOT": 0.0,
        "20639175": 0.011235955056179775,
        "1333317511": 0.0,
        "849426162": 0.0,
        "2677565276": 0.0,
        "54485550": 0.0,
        "799153915": 0.0,
        "147920937": 0.0,
        "47138228": 0.0,
        "89488468": 0.0,
        "60347505": 0.004341164453524005,
        "55187263": 0.0,
        "257944330": 0.0,
        "109757881": 0.0003830439223697651,
        "996952435": 0.0,
        "219815274": 0.0,
        "1495182721": 0.0,
        "2754201782": 0.0,
        "69281446": 0.0005107252298263534,
        "80016528": 0.0,
        "2416084189": 0.0,
        "2173500380": 0.0034473953013278856,
        "30447319": 0.0040858018386108275,
        "52300812": 0.0002553626149131767,
        "461263284": 0.0,
        "322708671": 0.0,
        "2230388154": 0.0002553626149131767,
        "30699754": 0.003575076608784474,
        "274326052": 0.0,
        "16931360": 0.0007660878447395302,
        "1576312123": 0.0,
        "37416154": 0.0,
        "75498103": 0.0,
        "1668697268": 0.0005107252298263534,
        "259982643": 0.0,
        "940849778": 0.0002553626149131767,
        "39609732": 0.0015321756894790604,
        "1578328974": 0.0,
        "2614673107": 0.0,
        "41307498": 0.0,
        "94491053": 0.0,
        "137544824": 0.0002553626149131767,
        "1116699782": 0.0,
        "15590364": 0.0,
        "113415132": 0.0003830439223697651,
        "36349420": 0.0,
        "312093132": 0.0,
        "28658435": 0.0,
        "49038258": 0.0,
        "551047764": 0.0,
        "579708878": 0.0,
        "2565564936": 0.0,
        "140163220": 0.0,
        "838225136": 0.0,
        "14690176": 0.0,
        "134971995": 0.0,
        "47149964": 0.0,
        "88165272": 0.0,
        "382736213": 0.0,
        "576786930": 0.003830439223697651,
        "135399738": 0.0015321756894790604,
        "1883279358": 0.0,
        "73121137": 0.0,
        "20842368": 0.0,
        "49744860": 0.0,
        "2205340772": 0.0,
        "28787718": 0.0,
        "1334301475": 0.0015321756894790604,
        "2855304200": 0.0,
        "76383492": 0.0008937691521961185,
        "2527601204": 0.0,
        "112214193": 0.0,
        "147438072": 0.0,
        "923924196": 0.0,
        "476172271": 0.0,
        "30589197": 0.0007660878447395302,
        "56556782": 0.0003830439223697651,
        "37233872": 0.0,
        "34798044": 0.0,
        "347669832": 0.0,
        "824652127": 0.0,
        "195071946": 0.0,
        "15964160": 0.0,
        "458085775": 0.0,
        "22708547": 0.0,
        "6619042": 0.0007660878447395302,
        "14162029": 0.0005107252298263534,
        "20053525": 0.0,
        "2359685258": 0.0,
        "888509186": 0.0
    },
    "closeness_centrality": {
        "ROOT": 0.0,
        "20639175": 0.011235955056179775,
        "1333317511": 0.014981273408239699,
        "849426162": 0.014981273408239699,
        "2677565276": 0.014981273408239699,
        "54485550": 0.014981273408239699,
        "799153915": 0.014981273408239699,
        "147920937": 0.014981273408239699,
        "47138228": 0.014981273408239699,
        "89488468": 0.014981273408239699,
        "60347505": 0.014981273408239699,
        "55187263": 0.016853932584269662,
        "257944330": 0.016853932584269662,
        "109757881": 0.016853932584269662,
        "996952435": 0.014981273408239699,
        "219815274": 0.014981273408239699,
        "1495182721": 0.017977528089887642,
        "2754201782": 0.016853932584269662,
        "69281446": 0.014981273408239699,
        "80016528": 0.016853932584269662,
        "2416084189": 0.014981273408239699,
        "2173500380": 0.016853932584269662,
        "30447319": 0.017977528089887642,
        "52300812": 0.014981273408239699,
        "461263284": 0.014981273408239699,
        "322708671": 0.016853932584269662,
        "2230388154": 0.014981273408239699,
        "30699754": 0.014981273408239699,
        "274326052": 0.016853932584269662,
        "16931360": 0.016853932584269662,
        "1576312123": 0.014981273408239699,
        "37416154": 0.014981273408239699,
        "75498103": 0.016853932584269662,
        "1668697268": 0.014981273408239699,
        "259982643": 0.014981273408239699,
        "940849778": 0.014981273408239699,
        "39609732": 0.014981273408239699,
        "1578328974": 0.014981273408239699,
        "2614673107": 0.014981273408239699,
        "41307498": 0.016853932584269662,
        "94491053": 0.016853932584269662,
        "137544824": 0.014981273408239699,
        "1116699782": 0.016853932584269662,
        "15590364": 0.014981273408239699,
        "113415132": 0.016853932584269662,
        "36349420": 0.016853932584269662,
        "312093132": 0.016853932584269662,
        "28658435": 0.014981273408239699,
        "49038258": 0.016853932584269662,
        "551047764": 0.016853932584269662,
        "579708878": 0.016853932584269662,
        "2565564936": 0.016853932584269662,
        "140163220": 0.014981273408239699,
        "838225136": 0.014981273408239699,
        "14690176": 0.016853932584269662,
        "134971995": 0.014981273408239699,
        "47149964": 0.017977528089887642,
        "88165272": 0.017977528089887642,
        "382736213": 0.016853932584269662,
        "576786930": 0.018726591760299623,
        "135399738": 0.019261637239165328,
        "1883279358": 0.016853932584269662,
        "73121137": 0.014981273408239699,
        "20842368": 0.016853932584269662,
        "49744860": 0.016853932584269662,
        "2205340772": 0.018726591760299623,