{
    "number_of_nodes": 95.0,
    "number_of_edges": 94.0,
    "cascade_size": 94.0,
    "tree_depth": 4.0,
    "in_degree_distribution": [
        0,
        1,
        1,
        1,
        1,
        1,
        1,
        1,
        1,
        1,
        1,
        1,
        1,
        1,
        1,
        1,
        1,
        1,
        1,
        1,
        1,
        1,
        1,
        1,
        1,
        1,
        1,
        1,
        1,
        1,
        1,
        1,
        1,
        1,
        1,
        1,
        1,
        1,
        1,
        1,
        1,
        1,
        1,
        1,
        1,
        1,
        1,
        1,
        1,
        1,
        1,
        1,
        1,
        1,
        1,
        1,
        1,
        1,
        1,
        1,
        1,
        1,
        1,
        1,
        1,
        1,
        1,
        1,
        1,
        1,
        1,
        1,
        1,
        1,
        1,
        1,
        1,
        1,
        1,
        1,
        1,
        1,
        1,
        1,
        1,
        1,
        1,
        1,
        1,
        1,
        1,
        1,
        1,
        1,
        1
    ],
    "out_degree_distribution": [
        1,
        84,
        0,
        0,
        0,
        0,
        0,
        0,
        0,
        0,
        0,
        0,
        1,
        0,
        0,
        0,
        0,
        0,
        0,
        0,
        0,
        0,
        0,
        0,
        0,
        1,
        0,
        0,
        0,
        0,
        0,
        0,
        0,
        0,
        1,
        0,
        0,
        0,
        1,
        1,
        0,
        0,
        0,
        0,
        0,
        0,
        0,
        0,
        0,
        0,
        0,
        0,
        0,
        0,
        1,
        0,
        0,
        0,
        0,
        0,
        0,
        0,
        0,
        0,
        0,
        1,
        1,
        0,
        0,
        0,
        0,
        0,
        0,
        0,
        0,
        0,
        0,
        0,
        0,
        0,
        0,
        0,
        0,
        0,
        0,
        0,
        0,
        0,
        0,
        0,
        1,
        0,
        0,
        0,
        0
    ],
    "propagation_delay_min": 0.0,
    "propagation_delay_mean": 53.33638297872341,
    "propagation_delay_max": 1378.95,
    "reaction_time_min": 0.0,
    "reaction_time_mean": 53.33638297872341,
    "reaction_time_max": 1378.95,
    "betweenness_centrality": {
        "ROOT": 0.0,
        "14437914": 0.010638297872340425,
        "37239315": 0.0,
        "312816046": 0.0,
        "3050035974": 0.0,
        "4861287972": 0.0,
        "25929185": 0.0,
        "1287711404": 0.0,
        "15827727": 0.0,
        "2821495535": 0.0,
        "17792879": 0.0,
        "2187014197": 0.0,
        "34327544": 0.00022878059940517045,
        "762756949": 0.0,
        "542143558": 0.0,
        "4855085727": 0.0,
        "221174737": 0.0,
        "4449054495": 0.0,
        "2343881903": 0.0,
        "3019268511": 0.0,
        "3399002692": 0.0,
        "397632846": 0.0,
        "16227683": 0.0,
        "37391482": 0.0,
        "454224222": 0.0,
        "76763663": 0.00022878059940517045,
        "1918712562": 0.0,
        "341254531": 0.0,
        "706542798724444160": 0.0,
        "18597129": 0.0,
        "3900160156": 0.0,
        "544704440": 0.0,
        "2626468127": 0.0,
        "77362607": 0.0,
        "3296663354": 0.0004575611988103409,
        "4851426189": 0.0,
        "567237677": 0.0,
        "942691634": 0.0,
        "62724198": 0.00022878059940517045,
        "3227289826": 0.00022878059940517045,
        "23248128": 0.0,
        "2937428581": 0.0,
        "418421014": 0.0,
        "20561955": 0.0,
        "27189636": 0.0,
        "231110916": 0.0,
        "60747908": 0.0,
        "1413222336": 0.0,
        "706655820432289792": 0.0,
        "35277267": 0.0,
        "34770621": 0.0,
        "81126162": 0.0,
        "17129511": 0.0,
        "470520068": 0.0,
        "4068920487": 0.00034317089910775565,
        "1205097614": 0.0,
        "30335695": 0.0,
        "2153725086": 0.0,
        "2480684256": 0.0,
        "1240234368": 0.0,
        "732634334": 0.0,
        "222648594": 0.0,
        "1675778006": 0.0,
        "22822556": 0.0,
        "19090295": 0.0,
        "925858910": 0.00022878059940517045,
        "49157283": 0.00022878059940517045,
        "243702399": 0.0,
        "2268376730": 0.0,
        "734211721": 0.0,
        "3439264919": 0.0,
        "3075866111": 0.0,
        "834394100": 0.0,
        "1140654350": 0.0,
        "156810035": 0.0,
        "1370252012": 0.0,
        "619303188": 0.0,
        "244428162": 0.0,
        "4530019292": 0.0,
        "3688848736": 0.0,
        "860261738": 0.0,
        "2863811231": 0.0,
        "1005764143": 0.0,
        "467026225": 0.0,
        "65251808": 0.0,
        "4861457788": 0.0,
        "21423579": 0.0,
        "163813257": 0.0,
        "16227879": 0.0,
        "2191156458": 0.0,
        "935199156": 0.00022878059940517045,
        "136151527": 0.0,
        "93953785": 0.0,
        "702963029521076224": 0.0,
        "211658011": 0.0
    },
    "closeness_centrality": {
        "ROOT": 0.0,
        "14437914": 0.010638297872340425,
        "37239315": 0.014184397163120567,
        "312816046": 0.014184397163120567,
        "3050035974": 0.014184397163120567,
        "4861287972": 0.014184397163120567,
        "25929185": 0.014184397163120567,
        "1287711404": 0.014184397163120567,
        "15827727": 0.014184397163120567,
        "2821495535": 0.014184397163120567,
        "17792879": 0.014184397163120567,
        "2187014197": 0.014184397163120567,
        "34327544": 0.014184397163120567,
        "762756949": 0.014184397163120567,
        "542143558": 0.014184397163120567,
        "4855085727": 0.014184397163120567,
        "221174737": 0.014184397163120567,
        "4449054495": 0.014184397163120567,
        "2343881903": 0.014184397163120567,
        "3019268511": 0.014184397163120567,
        "3399002692": 0.014184397163120567,
        "397632846": 0.014184397163120567,
        "16227683": 0.014184397163120567,
        "37391482": 0.014184397163120567,
        "454224222": 0.014184397163120567,
        "76763663": 0.014184397163120567,
        "1918712562": 0.014184397163120567,
        "341254531": 0.014184397163120567,
        "706542798724444160": 0.014184397163120567,
        "18597129": 0.014184397163120567,
        "3900160156": 0.014184397163120567,
        "544704440": 0.014184397163120567,
        "2626468127": 0.014184397163120567,
        "77362607": 0.014184397163120567,
        "3296663354": 0.014184397163120567,
        "4851426189": 0.014184397163120567,
        "567237677": 0.014184397163120567,
        "942691634": 0.014184397163120567,
        "62724198": 0.014184397163120567,
        "3227289826": 0.014184397163120567,
        "23248128": 0.014184397163120567,
        "2937428581": 0.014184397163120567,
        "418421014": 0.014184397163120567,
        "20561955": 0.014184397163120567,
        "27189636": 0.014184397163120567,
        "231110916": 0.014184397163120567,
        "60747908": 0.014184397163120567,
        "1413222336": 0.015957446808510637,
        "706655820432289792": 0.014184397163120567,
        "35277267": 0.014184397163120567,
        "34770621": 0.014184397163120567,
        "81126162": 0.014184397163120567,
        "17129511": 0.014184397163120567,
        "470520068": 0.014184397163120567,
        "4068920487": 0.015957446808510637,
        "1205097614": 0.014184397163120567,
        "30335695": 0.014184397163120567,
        "2153725086": 0.014184397163120567,
        "2480684256": 0.014184397163120567,
        "1240234368": 0.015957446808510637,
        "732634334": 0.014184397163120567,
        "222648594": 0.014184397163120567,
        "1675778006": 0.015957446808510637,