{
    "number_of_nodes": 95.0,
    "number_of_edges": 94.0,
    "cascade_size": 94.0,
    "tree_depth": 3.0,
    "in_degree_distribution": [
        0,
        1,
        1,
        1,
        1,
        1,
        1,
        1,
        1,
        1,
        1,
        1,
        1,
        1,
        1,
        1,
        1,
        1,
        1,
        1,
        1,
        1,
        1,
        1,
        1,
        1,
        1,
        1,
        1,
        1,
        1,
        1,
        1,
        1,
        1,
        1,
        1,
        1,
        1,
        1,
        1,
        1,
        1,
        1,
        1,
        1,
        1,
        1,
        1,
        1,
        1,
        1,
        1,
        1,
        1,
        1,
        1,
        1,
        1,
        1,
        1,
        1,
        1,
        1,
        1,
        1,
        1,
        1,
        1,
        1,
        1,
        1,
        1,
        1,
        1,
        1,
        1,
        1,
        1,
        1,
        1,
        1,
        1,
        1,
        1,
        1,
        1,
        1,
        1,
        1,
        1,
        1,
        1,
        1,
        1
    ],
    "out_degree_distribution": [
        1,
        90,
        0,
        0,
        0,
        0,
        0,
        0,
        0,
        0,
        0,
        0,
        0,
        0,
        0,
        0,
        0,
        0,
        2,
        0,
        0,
        0,
        0,
        0,
        0,
        0,
        0,
        0,
        0,
        0,
        0,
        0,
        0,
        0,
        0,
        0,
        0,
        0,
        0,
        0,
        0,
        0,
        0,
        0,
        0,
        0,
        0,
        0,
        0,
        0,
        0,
        0,
        0,
        0,
        0,
        0,
        0,
        0,
        0,
        1,
        0,
        0,
        0,
        0,
        0,
        0,
        0,
        0,
        0,
        0,
        0,
        0,
        0,
        0,
        0,
        0,
        0,
        0,
        0,
        0,
        0,
        0,
        0,
        0,
        0,
        0,
        0,
        0,
        0,
        0,
        0,
        0,
        0,
        0,
        0
    ],
    "propagation_delay_min": 0.0,
    "propagation_delay_mean": 205.88425531914893,
    "propagation_delay_max": 2792.85,
    "reaction_time_min": 0.0,
    "reaction_time_mean": 205.88425531914893,
    "reaction_time_max": 2792.85,
    "betweenness_centrality": {
        "ROOT": 0.0,
        "16211434": 0.010638297872340425,
        "38270647": 0.0,
        "3238213323": 0.0,
        "3834652756": 0.0,
        "23792669": 0.0,
        "56137447": 0.0,
        "2305563439": 0.0,
        "25787892": 0.0,
        "353998504": 0.0,
        "61527255": 0.0,
        "3322064558": 0.0,
        "19238694": 0.0,
        "1412247336": 0.0,
        "1969093424": 0.0,
        "3832873104": 0.0,
        "39930604": 0.0,
        "207480547": 0.0,
        "3131375032": 0.0004575611988103409,
        "2331971510": 0.0,
        "17676264": 0.0,
        "474164873": 0.0,
        "20785386": 0.0,
        "16661776": 0.0,
        "3297702370": 0.0,
        "812380152": 0.0,
        "1086858992": 0.0,
        "377017900": 0.0,
        "843730435": 0.0,
        "2897537930": 0.0,
        "220988731": 0.0,
        "48238456": 0.0,
        "708169703110225920": 0.0,
        "286504534": 0.0,
        "713736072623104000": 0.0,
        "1671348116": 0.0,
        "703352808": 0.0,
        "4135090091": 0.0,
        "395125888": 0.0,
        "607242372": 0.0,
        "163439023": 0.0,
        "2819459663": 0.0,
        "127657617": 0.0,
        "254954886": 0.0,
        "2164571570": 0.0,
        "31646316": 0.0,
        "1584961561": 0.0,
        "98235000": 0.0,
        "3200748813": 0.0,
        "1666146229": 0.0,
        "27472403": 0.0,
        "2280486204": 0.0,
        "2966194594": 0.0,
        "612576449": 0.0,
        "385436030": 0.0,
        "757913532": 0.0,
        "3924316882": 0.0,
        "3546630376": 0.0,
        "20971755": 0.0,
        "150094873": 0.00022878059940517045,
        "4225049728": 0.0,
        "716147559702474752": 0.0,
        "3248510954": 0.0,
        "4033022656": 0.0,
        "82983635": 0.0,
        "1168477670": 0.0,
        "14947925": 0.0,
        "496107966": 0.0,
        "23110031": 0.0,
        "132529862": 0.0,
        "153788745": 0.0,
        "346920322": 0.0,
        "146807798": 0.0,
        "173213881": 0.0,
        "717070139724840960": 0.0,
        "389216551": 0.0,
        "23697197": 0.0,
        "387149419": 0.0,
        "32879829": 0.0,
        "213713258": 0.0,
        "44767261": 0.0,
        "3272530802": 0.0,
        "717953631446704128": 0.0,
        "1888829322": 0.0,
        "862010503": 0.0,
        "3881533273": 0.0,
        "2796987448": 0.0,
        "2927242472": 0.0,
        "15417281": 0.0,
        "707212323233005569": 0.0,
        "106153720": 0.0,
        "2909534404": 0.0,
        "4495323688": 0.0,
        "117865469": 0.0,
        "2855953284": 0.0
    },
    "closeness_centrality": {
        "ROOT": 0.0,
        "16211434": 0.010638297872340425,
        "38270647": 0.014184397163120567,
        "3238213323": 0.014184397163120567,
        "3834652756": 0.014184397163120567,
        "23792669": 0.014184397163120567,
        "56137447": 0.014184397163120567,
        "2305563439": 0.014184397163120567,
        "25787892": 0.014184397163120567,
        "353998504": 0.014184397163120567,
        "61527255": 0.014184397163120567,
        "3322064558": 0.014184397163120567,
        "19238694": 0.014184397163120567,
        "1412247336": 0.014184397163120567,
        "1969093424": 0.014184397163120567,
        "3832873104": 0.014184397163120567,
        "39930604": 0.014184397163120567,
        "207480547": 0.014184397163120567,
        "3131375032": 0.014184397163120567,
        "2331971510": 0.014184397163120567,
        "17676264": 0.015957446808510637,
        "474164873": 0.014184397163120567,
        "20785386": 0.015957446808510637,
        "16661776": 0.014184397163120567,
        "3297702370": 0.014184397163120567,
        "812380152": 0.014184397163120567,
        "1086858992": 0.014184397163120567,
        "377017900": 0.014184397163120567,
        "843730435": 0.014184397163120567,
        "2897537930": 0.014184397163120567,
        "220988731": 0.014184397163120567,
        "48238456": 0.014184397163120567,
        "708169703110225920": 0.014184397163120567,
        "286504534": 0.014184397163120567,
        "713736072623104000": 0.014184397163120567,
        "1671348116": 0.014184397163120567,
        "703352808": 0.014184397163120567,
        "4135090091": 0.014184397163120567,
        "395125888": 0.014184397163120567,
        "607242372": 0.014184397163120567,
        "163439023": 0.014184397163120567,
        "2819459663": 0.014184397163120567,
        "127657617": 0.014184397163120567,
        "254954886": 0.014184397163120567,
        "2164571570": 0.014184397163120567,
        "31646316": 0.014184397163120567,
        "1584961561": 0.014184397163120567,
        "98235000": 0.014184397163120567,
        "3200748813": 0.014184397163120567,
        "1666146229": 0.014184397163120567,
        "27472403": 0.014184397163120567,
        "2280486204": 0.014184397163120567,
        "2966194594": 0.014184397163120567,
        "612576449": 0.014184397163120567,
        "385436030": 0.014184397163120567,
        "757913532": 0.014184397163120567,
        "3924316882": 0.014184397163120567,
        "3546630376": 0.014184397163120567,
        "20971755": 0.014184397163120567,
        "150094873": 0.014184397163120567,
        "4225049728": 0.015957446808510637,
        "716147559702474752": 0.014184397163120567,
        "3248510954": 0.014184397163120567,
        "4033022656": 0.014184397163120567,
        "82983635": 0.014184397163120567,