{
    "number_of_nodes": 96.0,
    "number_of_edges": 96.0,
    "cascade_size": 95.0,
    "tree_depth": 4.0,
    "in_degree_distribution": [
        0,
        1,
        1,
        1,
        1,
        1,
        1,
        1,
        1,
        1,
        1,
        1,
        1,
        1,
        1,
        1,
        1,
        1,
        1,
        1,
        1,
        1,
        1,
        1,
        1,
        1,
        1,
        1,
        1,
        1,
        1,
        1,
        1,
        1,
        1,
        1,
        1,
        1,
        1,
        1,
        1,
        1,
        1,
        1,
        1,
        1,
        1,
        1,
        1,
        1,
        1,
        1,
        1,
        1,
        1,
        1,
        1,
        1,
        1,
        1,
        1,
        1,
        1,
        1,
        1,
        1,
        1,
        1,
        1,
        1,
        1,
        1,
        1,
        1,
        1,
        1,
        1,
        1,
        1,
        1,
        1,
        1,
        1,
        1,
        1,
        1,
        1,
        1,
        1,
        1,
        1,
        1,
        1,
        1,
        1,
        2
    ],
    "out_degree_distribution": [
        1,
        75,
        0,
        0,
        0,
        0,
        0,
        1,
        0,
        0,
        0,
        1,
        0,
        0,
        0,
        0,
        0,
        0,
        0,
        0,
        0,
        0,
        0,
        0,
        1,
        0,
        0,
        0,
        0,
        0,
        0,
        0,
        0,
        0,
        6,
        0,
        0,
        0,
        0,
        0,
        0,
        0,
        0,
        0,
        0,
        0,
        0,
        0,
        0,
        0,
        0,
        1,
        0,
        0,
        1,
        0,
        0,
        0,
        0,
        0,
        1,
        0,
        0,
        1,
        0,
        0,
        0,
        0,
        0,
        0,
        0,
        0,
        0,
        0,
        1,
        4,
        0,
        0,
        0,
        0,
        0,
        1,
        0,
        0,
        0,
        0,
        1,
        0,
        0,
        0,
        0,
        0,
        0,
        0,
        0,
        0
    ],
    "propagation_delay_min": 0.0,
    "propagation_delay_mean": 2511.5296875,
    "propagation_delay_max": 101483.42,
    "reaction_time_min": 0.0,
    "reaction_time_mean": 2511.5296875,
    "reaction_time_max": 101483.42,
    "betweenness_centrality": {
        "ROOT": 0.0,
        "94215989": 0.010526315789473684,
        "14754392": 0.0,
        "14170609": 0.0,
        "27979317": 0.0,
        "22785979": 0.0,
        "1615927111": 0.0,
        "19815846": 0.0004479283314669653,
        "31920023": 0.0,
        "125373547": 0.0,
        "14511317": 0.0,
        "1027595330": 0.000335946248600224,
        "533982462": 0.0,
        "314856713": 0.0,
        "49013976": 0.0,
        "1521024950": 0.0,
        "489940786": 0.0,
        "372035905": 0.0,
        "96992727": 0.0,
        "277100433": 0.0,
        "19953992": 0.0,
        "39304978": 0.0,
        "21457771": 0.0,
        "46921021": 0.0,
        "794738239": 0.00022396416573348266,
        "1593934556": 0.0,
        "789858732": 0.0,
        "470722084": 0.0,
        "319362351": 0.0,
        "194612592": 0.0,
        "46737907": 0.0,
        "294276293": 0.0,
        "43236858": 0.0,
        "32524530": 0.0,
        "38481817": 0.0015677491601343786,
        "22548504": 0.0,
        "728770238": 0.0,
        "149886878": 0.0,
        "19133845": 0.0,
        "754474214": 0.0,
        "33744811": 0.0,
        "487652504": 0.0,
        "3861345322": 0.0,
        "27721493": 0.0,
        "29738616": 0.0,
        "177388748": 0.0,
        "22396701": 0.0,
        "371268577": 0.0,
        "48747541": 0.0,
        "390865418": 0.0,
        "1547018402": 0.0,
        "47253430": 0.00022396416573348266,
        "1230777122": 0.0,
        "20675932": 0.0,
        "376375089": 0.00022396416573348266,
        "392806546": 0.0,
        "399223395": 0.0,
        "1496190253": 0.0,
        "1465301971": 0.0,
        "2178844627": 0.0,
        "3378998217": 0.0,
        "390557445": 0.0,
        "307673753": 0.0,
        "121918668": 0.000335946248600224,
        "41155845": 0.0,
        "930665262": 0.0,
        "2543610379": 0.0,
        "29445157": 0.0,
        "339217294": 0.0,
        "1069297142": 0.0,
        "31248088": 0.0,
        "205711295": 0.0,
        "49977903": 0.0,
        "931056517": 0.0,
        "3331418471": 0.00022396416573348266,
        "833074694": 0.0008958566629339306,
        "18189535": 0.0,
        "466159549": 0.0,
        "317132993": 0.0,
        "220710855": 0.0,
        "2507917171": 0.0,
        "497488229": 0.00022396416573348266,
        "270423022": 0.0,
        "4004999375": 0.0,
        "269019591": 0.0,
        "2344682143": 0.0,
        "3006853582": 0.00022396416573348266,
        "437086729": 0.0,
        "23866855": 0.0,
        "392229372": 0.0,
        "2761347028": 0.0,
        "20967326": 0.0,
        "318201429": 0.0,
        "2395725569": 0.0,
        "22519660": 0.0,
        "606274544": 0.0
    },
    "closeness_centrality": {
        "ROOT": 0.0,
        "94215989": 0.010526315789473684,
        "14754392": 0.014035087719298244,
        "14170609": 0.014035087719298244,
        "27979317": 0.014035087719298244,
        "22785979": 0.014035087719298244,
        "1615927111": 0.014035087719298244,
        "19815846": 0.014035087719298244,
        "31920023": 0.014035087719298244,
        "125373547": 0.014035087719298244,
        "14511317": 0.014035087719298244,
        "1027595330": 0.015789473684210527,
        "533982462": 0.014035087719298244,
        "314856713": 0.014035087719298244,
        "49013976": 0.014035087719298244,
        "1521024950": 0.014035087719298244,
        "489940786": 0.014035087719298244,
        "372035905": 0.014035087719298244,
        "96992727": 0.014035087719298244,
        "277100433": 0.014035087719298244,
        "19953992": 0.014035087719298244,
        "39304978": 0.014035087719298244,
        "21457771": 0.014035087719298244,
        "46921021": 0.014035087719298244,
        "794738239": 0.014035087719298244,
        "1593934556": 0.014035087719298244,
        "789858732": 0.014035087719298244,
        "470722084": 0.014035087719298244,
        "319362351": 0.014035087719298244,
        "194612592": 0.014035087719298244,
        "46737907": 0.014035087719298244,
        "294276293": 0.014035087719298244,
        "43236858": 0.014035087719298244,
        "32524530": 0.014035087719298244,
        "38481817": 0.014035087719298244,
        "22548504": 0.014035087719298244,
        "728770238": 0.014035087719298244,
        "149886878": 0.014035087719298244,
        "19133845": 0.014035087719298244,
        "754474214": 0.015789473684210527,
        "33744811": 0.014035087719298244,
        "487652504": 0.014035087719298244,
        "3861345322": 0.014035087719298244,
        "27721493": 0.014035087719298244,
        "29738616": 0.014035087719298244,
        "177388748": 0.014035087719298244,
        "22396701": 0.014035087719298244,
        "371268577": 0.014035087719298244,
        "48747541": 0.014035087719298244,
        "390865418": 0.016842105263157894,
        "1547018402": 0.014035087719298244,
        "47253430": 0.014035087719298244,
        "1230777122": 0.014035087719298244,
        "20675932": 0.014035087719298244,
        "376375089": 0.014035087719298244,
        "392806546": 0.015789473684210527,
        "399223395": 0.015789473684210527,
        "1496190253": 0.014035087719298244,
        "1465301971": 0.015789473684210527,
        "2178844627": 0.014035087719298244,
        "3378998217": 0.014035087719298244,
        "390557445": 0.014035087719298244,
        "307673753": 0.014035087719298244,
        "121918668": 0.015789473684210527,