{
    "number_of_nodes": 95.0,
    "number_of_edges": 94.0,
    "cascade_size": 94.0,
    "tree_depth": 3.0,
    "in_degree_distribution": [
        0,
        1,
        1,
        1,
        1,
        1,
        1,
        1,
        1,
        1,
        1,
        1,
        1,
        1,
        1,
        1,
        1,
        1,
        1,
        1,
        1,
        1,
        1,
        1,
        1,
        1,
        1,
        1,
        1,
        1,
        1,
        1,
        1,
        1,
        1,
        1,
        1,
        1,
        1,
        1,
        1,
        1,
        1,
        1,
        1,
        1,
        1,
        1,
        1,
        1,
        1,
        1,
        1,
        1,
        1,
        1,
        1,
        1,
        1,
        1,
        1,
        1,
        1,
        1,
        1,
        1,
        1,
        1,
        1,
        1,
        1,
        1,
        1,
        1,
        1,
        1,
        1,
        1,
        1,
        1,
        1,
        1,
        1,
        1,
        1,
        1,
        1,
        1,
        1,
        1,
        1,
        1,
        1,
        1,
        1
    ],
    "out_degree_distribution": [
        1,
        89,
        0,
        0,
        0,
        0,
        0,
        0,
        0,
        0,
        0,
        0,
        0,
        0,
        0,
        0,
        0,
        0,
        0,
        0,
        0,
        0,
        0,
        0,
        0,
        0,
        0,
        0,
        0,
        0,
        0,
        0,
        0,
        0,
        0,
        0,
        0,
        1,
        0,
        0,
        0,
        0,
        0,
        0,
        0,
        0,
        0,
        0,
        0,
        0,
        0,
        0,
        0,
        0,
        0,
        0,
        0,
        0,
        0,
        0,
        0,
        0,
        0,
        0,
        1,
        0,
        0,
        0,
        0,
        0,
        1,
        0,
        0,
        0,
        0,
        0,
        0,
        0,
        0,
        0,
        0,
        0,
        0,
        1,
        0,
        0,
        0,
        0,
        0,
        0,
        0,
        0,
        0,
        0,
        0
    ],
    "propagation_delay_min": 0.0,
    "propagation_delay_mean": 80.47882978723405,
    "propagation_delay_max": 1690.43,
    "reaction_time_min": 0.0,
    "reaction_time_mean": 80.47882978723405,
    "reaction_time_max": 1690.43,
    "betweenness_centrality": {
        "ROOT": 0.0,
        "292777349": 0.010638297872340425,
        "424793899": 0.0,
        "464142339": 0.0,
        "553670175": 0.0,
        "204645401": 0.0,
        "457068321": 0.0,
        "2149478840": 0.0,
        "1381782889": 0.0,
        "46028102": 0.0,
        "30890096": 0.0,
        "121969438": 0.0,
        "117716838": 0.0,
        "705555529": 0.0,
        "253715482": 0.0,
        "826683313": 0.0,
        "2692793890": 0.0,
        "314845046": 0.0,
        "747926864": 0.0,
        "24322188": 0.0,
        "61379663": 0.0,
        "308411040": 0.0,
        "17666692": 0.0,
        "192537854": 0.0,
        "2288618833": 0.0,
        "2216636346": 0.0,
        "1352833310": 0.0,
        "2752626903": 0.0,
        "414518978": 0.0,
        "243950136": 0.0,
        "255188029": 0.0,
        "70351584": 0.0,
        "564572966": 0.0,
        "165072349": 0.0,
        "1453004958": 0.0,
        "949719074": 0.0,
        "598714692": 0.0,
        "210954755": 0.00022878059940517045,
        "292659175": 0.0,
        "4841741": 0.0,
        "474215172": 0.0,
        "595803647": 0.0,
        "14712548": 0.0,
        "477176667": 0.0,
        "1660498927": 0.0,
        "15924775": 0.0,
        "426695483": 0.0,
        "33078007": 0.0,
        "1087371074": 0.0,
        "1571535756": 0.0,
        "929991926": 0.0,
        "844570009": 0.0,
        "28093810": 0.0,
        "325954705": 0.0,
        "1038899606": 0.0,
        "168559763": 0.0,
        "700147283": 0.0,
        "2608568138": 0.0,
        "190047812": 0.0,
        "1475711863": 0.0,
        "2505506819": 0.0,
        "2601924938": 0.0,
        "169189191": 0.0,
        "941541092": 0.0,
        "245132693": 0.00022878059940517045,
        "2633642830": 0.0,
        "47659683": 0.0,
        "1337457380": 0.0,
        "249844021": 0.0,
        "131781845": 0.0,
        "574701065": 0.00022878059940517045,
        "133547449": 0.0,
        "68548942": 0.0,
        "51245152": 0.0,
        "458642514": 0.0,
        "11856962": 0.0,
        "485682694": 0.0,
        "524327466": 0.0,
        "49412814": 0.0,
        "161808276": 0.0,
        "235590723": 0.0,
        "213572625": 0.0,
        "1195026260": 0.0,
        "358167032": 0.00022878059940517045,
        "311215607": 0.0,
        "457720598": 0.0,
        "362328150": 0.0,
        "428653531": 0.0,
        "768899816": 0.0,
        "56990261": 0.0,
        "1636332235": 0.0,
        "415499498": 0.0,
        "84671872": 0.0,
        "86342462": 0.0,
        "176594680": 0.0
    },
    "closeness_centrality": {
        "ROOT": 0.0,
        "292777349": 0.010638297872340425,
        "424793899": 0.014184397163120567,
        "464142339": 0.014184397163120567,
        "553670175": 0.014184397163120567,
        "204645401": 0.014184397163120567,
        "457068321": 0.014184397163120567,
        "2149478840": 0.014184397163120567,
        "1381782889": 0.014184397163120567,
        "46028102": 0.014184397163120567,
        "30890096": 0.014184397163120567,
        "121969438": 0.014184397163120567,
        "117716838": 0.014184397163120567,
        "705555529": 0.014184397163120567,
        "253715482": 0.014184397163120567,
        "826683313": 0.014184397163120567,
        "2692793890": 0.014184397163120567,
        "314845046": 0.014184397163120567,
        "747926864": 0.014184397163120567,
        "24322188": 0.014184397163120567,
        "61379663": 0.014184397163120567,
        "308411040": 0.014184397163120567,
        "17666692": 0.014184397163120567,
        "192537854": 0.014184397163120567,
        "2288618833": 0.014184397163120567,
        "2216636346": 0.014184397163120567,
        "1352833310": 0.014184397163120567,
        "2752626903": 0.014184397163120567,
        "414518978": 0.014184397163120567,
        "243950136": 0.014184397163120567,
        "255188029": 0.014184397163120567,
        "70351584": 0.014184397163120567,
        "564572966": 0.014184397163120567,
        "165072349": 0.014184397163120567,
        "1453004958": 0.014184397163120567,
        "949719074": 0.014184397163120567,
        "598714692": 0.014184397163120567,
        "210954755": 0.014184397163120567,
        "292659175": 0.014184397163120567,
        "4841741": 0.014184397163120567,
        "474215172": 0.014184397163120567,
        "595803647": 0.014184397163120567,
        "14712548": 0.014184397163120567,
        "477176667": 0.014184397163120567,
        "1660498927": 0.014184397163120567,
        "15924775": 0.014184397163120567,
        "426695483": 0.014184397163120567,
        "33078007": 0.014184397163120567,
        "1087371074": 0.014184397163120567,
        "1571535756": 0.014184397163120567,
        "929991926": 0.014184397163120567,
        "844570009": 0.014184397163120567,
        "28093810": 0.014184397163120567,
        "325954705": 0.014184397163120567,
        "1038899606": 0.014184397163120567,
        "168559763": 0.014184397163120567,
        "700147283": 0.014184397163120567,
        "2608568138": 0.014184397163120567,
        "190047812": 0.014184397163120567,
        "1475711863": 0.014184397163120567,
        "2505506819": 0.014184397163120567,
        "2601924938": 0.014184397163120567,
        "169189191": 0.014184397163120567,
        "941541092": 0.014184397163120567,
        "245132693": 0.014184397163120567,
        "2633642830": 0.014184397163120567,
        "47659683": 0.014184397163120567,