{
    "number_of_nodes": 91.0,
    "number_of_edges": 90.0,
    "cascade_size": 90.0,
    "tree_depth": 3.0,
    "in_degree_distribution": [
        0,
        1,
        1,
        1,
        1,
        1,
        1,
        1,
        1,
        1,
        1,
        1,
        1,
        1,
        1,
        1,
        1,
        1,
        1,
        1,
        1,
        1,
        1,
        1,
        1,
        1,
        1,
        1,
        1,
        1,
        1,
        1,
        1,
        1,
        1,
        1,
        1,
        1,
        1,
        1,
        1,
        1,
        1,
        1,
        1,
        1,
        1,
        1,
        1,
        1,
        1,
        1,
        1,
        1,
        1,
        1,
        1,
        1,
        1,
        1,
        1,
        1,
        1,
        1,
        1,
        1,
        1,
        1,
        1,
        1,
        1,
        1,
        1,
        1,
        1,
        1,
        1,
        1,
        1,
        1,
        1,
        1,
        1,
        1,
        1,
        1,
        1,
        1,
        1,
        1,
        1
    ],
    "out_degree_distribution": [
        1,
        87,
        0,
        0,
        0,
        0,
        0,
        0,
        0,
        0,
        0,
        0,
        0,
        1,
        0,
        0,
        0,
        0,
        1,
        0,
        0,
        0,
        0,
        0,
        0,
        0,
        0,
        0,
        0,
        0,
        0,
        0,
        0,
        0,
        0,
        0,
        0,
        0,
        0,
        0,
        0,
        0,
        0,
        0,
        0,
        0,
        0,
        0,
        0,
        0,
        0,
        0,
        0,
        0,
        0,
        0,
        0,
        0,
        0,
        0,
        0,
        0,
        0,
        0,
        0,
        0,
        0,
        0,
        0,
        0,
        0,
        0,
        0,
        0,
        0,
        0,
        0,
        0,
        0,
        0,
        0,
        0,
        0,
        0,
        0,
        0,
        0,
        0,
        0,
        0,
        0
    ],
    "propagation_delay_min": 0.0,
    "propagation_delay_mean": 172.69111111111113,
    "propagation_delay_max": 6603.85,
    "reaction_time_min": 0.0,
    "reaction_time_mean": 172.69111111111113,
    "reaction_time_max": 6603.85,
    "betweenness_centrality": {
        "ROOT": 0.0,
        "20012204": 0.011111111111111112,
        "419234337": 0.0,
        "227919540": 0.0,
        "31417891": 0.0,
        "114932810": 0.0,
        "23553876": 0.0,
        "63317775": 0.0,
        "214905810": 0.0,
        "474478930": 0.0,
        "247096313": 0.0,
        "501441900": 0.0,
        "314711843": 0.0,
        "37220980": 0.00024968789013732833,
        "238046738": 0.0,
        "362834456": 0.0,
        "185118839": 0.0,
        "559606646": 0.0,
        "38802732": 0.00024968789013732833,
        "1420165183": 0.0,
        "206578316": 0.0,
        "27809385": 0.0,
        "541148764": 0.0,
        "51306266": 0.0,
        "83171355": 0.0,
        "30465520": 0.0,
        "31457643": 0.0,
        "1444228290": 0.0,
        "133860468": 0.0,
        "36239461": 0.0,
        "967113620": 0.0,
        "131781924": 0.0,
        "491461070": 0.0,
        "36066162": 0.0,
        "210496949": 0.0,
        "141600522": 0.0,
        "300243561": 0.0,
        "40553239": 0.0,
        "325067920": 0.0,
        "913814905": 0.0,
        "132629841": 0.0,
        "400831022": 0.0,
        "1588438352": 0.0,
        "25735574": 0.0,
        "881388631": 0.0,
        "401862785": 0.0,
        "122348359": 0.0,
        "110709920": 0.0,
        "297019861": 0.0,
        "1909890613": 0.0,
        "303458778": 0.0,
        "835881398": 0.0,
        "200123543": 0.0,
        "37769480": 0.0,
        "952891350": 0.0,
        "174414584": 0.0,
        "994743433": 0.0,
        "60275582": 0.0,
        "18076706": 0.0,
        "1321077932": 0.0,
        "46754347": 0.0,
        "122134730": 0.0,
        "115227954": 0.0,
        "248383985": 0.0,
        "22590881": 0.0,
        "159993529": 0.0,
        "1066082593": 0.0,
        "345727250": 0.0,
        "182453878": 0.0,
        "126006743": 0.0,
        "88228769": 0.0,
        "365556215": 0.0,
        "543800372": 0.0,
        "184103254": 0.0,
        "252996077": 0.0,
        "35514835": 0.0,
        "936151177": 0.0,
        "291963058": 0.0,
        "296588553": 0.0,
        "282237994": 0.0,
        "252810665": 0.0,
        "296520482": 0.0,
        "1935715916": 0.0,
        "320563579": 0.0,
        "48201596": 0.0,
        "309821035": 0.0,
        "161415313": 0.0,
        "717927478": 0.0,
        "104660676": 0.0,
        "188025660": 0.0,
        "26049453": 0.0
    },
    "closeness_centrality": {
        "ROOT": 0.0,
        "20012204": 0.011111111111111112,
        "419234337": 0.014814814814814815,
        "227919540": 0.014814814814814815,
        "31417891": 0.014814814814814815,
        "114932810": 0.014814814814814815,
        "23553876": 0.014814814814814815,
        "63317775": 0.014814814814814815,
        "214905810": 0.014814814814814815,
        "474478930": 0.014814814814814815,
        "247096313": 0.014814814814814815,
        "501441900": 0.014814814814814815,
        "314711843": 0.014814814814814815,
        "37220980": 0.014814814814814815,
        "238046738": 0.014814814814814815,
        "362834456": 0.014814814814814815,
        "185118839": 0.014814814814814815,
        "559606646": 0.014814814814814815,
        "38802732": 0.014814814814814815,
        "1420165183": 0.014814814814814815,
        "206578316": 0.014814814814814815,
        "27809385": 0.014814814814814815,
        "541148764": 0.014814814814814815,
        "51306266": 0.014814814814814815,
        "83171355": 0.014814814814814815,
        "30465520": 0.014814814814814815,
        "31457643": 0.014814814814814815,
        "1444228290": 0.014814814814814815,
        "133860468": 0.014814814814814815,
        "36239461": 0.014814814814814815,
        "967113620": 0.014814814814814815,
        "131781924": 0.014814814814814815,
        "491461070": 0.014814814814814815,
        "36066162": 0.014814814814814815,
        "210496949": 0.014814814814814815,
        "141600522": 0.014814814814814815,
        "300243561": 0.014814814814814815,
        "40553239": 0.014814814814814815,
        "325067920": 0.014814814814814815,
        "913814905": 0.014814814814814815,
        "132629841": 0.014814814814814815,
        "400831022": 0.014814814814814815,
        "1588438352": 0.014814814814814815,
        "25735574": 0.014814814814814815,
        "881388631": 0.014814814814814815,
        "401862785": 0.014814814814814815,
        "122348359": 0.014814814814814815,
        "110709920": 0.014814814814814815,
        "297019861": 0.014814814814814815,
        "1909890613": 0.014814814814814815,
        "303458778": 0.014814814814814815,
        "835881398": 0.014814814814814815,
        "200123543": 0.014814814814814815,
        "37769480": 0.014814814814814815,
        "952891350": 0.014814814814814815,
        "174414584": 0.014814814814814815,
        "994743433": 0.014814814814814815,
        "60275582": 0.014814814814814815,
        "18076706": 0.014814814814814815,
        "1321077932": 0.014814814814814815,
        "46754347": 0.014814814814814815,
        "122134730": 0.014814814814814815,
        "115227954": 0.014814814814814815,
        "248383985": 0.014814814814814815,
        "22590881": 0.014814814814814815,
        "159993529": 0.014814814814814815,
        "1066082593": 0.014814814814814815,
        "345727250": 0.014814814814814815,
        "182453878": 0.014814814814814815,
        "126006743": 0.014814814814814815,
        "88228769": 0.014814814814814815,
        "365556215": 0.014814814814814815,
        "543800372": 0.016666666666666666,