{
    "number_of_nodes": 93.0,
    "number_of_edges": 92.0,
    "cascade_size": 92.0,
    "tree_depth": 5.0,
    "in_degree_distribution": [
        0,
        1,
        1,
        1,
        1,
        1,
        1,
        1,
        1,
        1,
        1,
        1,
        1,
        1,
        1,
        1,
        1,
        1,
        1,
        1,
        1,
        1,
        1,
        1,
        1,
        1,
        1,
        1,
        1,
        1,
        1,
        1,
        1,
        1,
        1,
        1,
        1,
        1,
        1,
        1,
        1,
        1,
        1,
        1,
        1,
        1,
        1,
        1,
        1,
        1,
        1,
        1,
        1,
        1,
        1,
        1,
        1,
        1,
        1,
        1,
        1,
        1,
        1,
        1,
        1,
        1,
        1,
        1,
        1,
        1,
        1,
        1,
        1,
        1,
        1,
        1,
        1,
        1,
        1,
        1,
        1,
        1,
        1,
        1,
        1,
        1,
        1,
        1,
        1,
        1,
        1,
        1,
        1
    ],
    "out_degree_distribution": [
        1,
        67,
        0,
        6,
        0,
        0,
        2,
        0,
        0,
        0,
        0,
        0,
        0,
        0,
        1,
        0,
        0,
        0,
        1,
        0,
        3,
        0,
        0,
        0,
        1,
        0,
        1,
        0,
        0,
        0,
        0,
        0,
        0,
        0,
        1,
        0,
        0,
        0,
        1,
        0,
        0,
        0,
        0,
        0,
        0,
        0,
        0,
        1,
        0,
        0,
        0,
        0,
        0,
        0,
        0,
        0,
        0,
        0,
        0,
        0,
        0,
        2,
        0,
        0,
        0,
        0,
        0,
        0,
        0,
        0,
        0,
        0,
        0,
        0,
        1,
        0,
        0,
        0,
        0,
        1,
        0,
        0,
        0,
        0,
        1,
        0,
        0,
        0,
        0,
        0,
        0,
        1,
        0
    ],
    "propagation_delay_min": 0.0,
    "propagation_delay_mean": 3762.3120652173916,
    "propagation_delay_max": 165935.73,
    "reaction_time_min": 0.0,
    "reaction_time_mean": 3762.3120652173916,
    "reaction_time_max": 165935.73,
    "betweenness_centrality": {
        "ROOT": 0.0,
        "726456445": 0.010869565217391304,
        "1950347850": 0.0,
        "733656637": 0.0026278069756330625,
        "1387857349": 0.0,
        "756262993": 0.0,
        "1276257247": 0.001433349259436216,
        "61945916": 0.0,
        "1370015130": 0.0,
        "360797446": 0.0,
        "1035851113": 0.0,
        "2168458206": 0.0,
        "1352667121": 0.0,
        "456364921": 0.0,
        "263921718": 0.00047778308647873863,
        "948847224": 0.0,
        "214799831": 0.0,
        "544541186": 0.0,
        "303586928": 0.00047778308647873863,
        "131256665": 0.0,
        "1155035743": 0.000716674629718108,
        "83484493": 0.0,
        "1705674692": 0.0,
        "338398336": 0.0,
        "513266093": 0.000716674629718108,
        "326189569": 0.0,
        "356240216": 0.000716674629718108,
        "189364144": 0.0,
        "589534569": 0.0,
        "242801029": 0.0,
        "755985656": 0.0,
        "301082086": 0.0,
        "244134907": 0.0,
        "1289289271": 0.0,
        "177415352": 0.00023889154323936931,
        "348531997": 0.0,
        "541893819": 0.0,
        "917943241": 0.0,
        "1420826720": 0.00047778308647873863,
        "826063212": 0.0,
        "627686382": 0.0,
        "1323543992": 0.0,
        "361664118": 0.0,
        "17411456": 0.0,
        "945597962": 0.0,
        "1554194983": 0.0,
        "1045161349": 0.0,
        "494316299": 0.00023889154323936931,
        "583099743": 0.0,
        "131708662": 0.0,
        "479841332": 0.0,
        "28304661": 0.0,
        "626761585": 0.0,
        "109412564": 0.0,
        "2189251880": 0.0,
        "736826292": 0.0,
        "568678870": 0.0,
        "298951895": 0.0,
        "1462880222": 0.0,
        "372862789": 0.0,
        "259474841": 0.0,
        "308482067": 0.00047778308647873863,
        "189376231": 0.0,
        "1692025357": 0.0,
        "1592178362": 0.0,
        "322624548": 0.0,
        "330264063": 0.0,
        "416463582": 0.0,
        "1122490268": 0.0,
        "1376136793": 0.0,
        "313188539": 0.0,
        "542954077": 0.0,
        "1577308416": 0.0,
        "186162090": 0.0,
        "98593969": 0.00023889154323936931,
        "43408629": 0.0,
        "440313138": 0.0,
        "416169104": 0.0,
        "812130374": 0.0,
        "555569063": 0.00023889154323936931,
        "613866704": 0.0,
        "1273645758": 0.0,
        "1066505803": 0.0,
        "282115396": 0.0,
        "1327826034": 0.00023889154323936931,
        "312265300": 0.0,
        "340531050": 0.0,
        "164490591": 0.0,
        "299089123": 0.0,
        "374889421": 0.0,
        "1637398194": 0.0,
        "577745024": 0.000358337314859054,
        "299721691": 0.0
    },
    "closeness_centrality": {
        "ROOT": 0.0,
        "726456445": 0.010869565217391304,
        "1950347850": 0.014492753623188404,
        "733656637": 0.014492753623188404,
        "1387857349": 0.016304347826086956,
        "756262993": 0.016304347826086956,
        "1276257247": 0.016304347826086956,
        "61945916": 0.014492753623188404,
        "1370015130": 0.016304347826086956,
        "360797446": 0.016304347826086956,
        "1035851113": 0.014492753623188404,
        "2168458206": 0.014492753623188404,
        "1352667121": 0.014492753623188404,
        "456364921": 0.014492753623188404,
        "263921718": 0.017391304347826087,
        "948847224": 0.014492753623188404,
        "214799831": 0.014492753623188404,
        "544541186": 0.014492753623188404,
        "303586928": 0.017391304347826087,
        "131256665": 0.014492753623188404,
        "1155035743": 0.014492753623188404,
        "83484493": 0.018115942028985504,
        "1705674692": 0.016304347826086956,
        "338398336": 0.014492753623188404,
        "513266093": 0.014492753623188404,
        "326189569": 0.016304347826086956,
        "356240216": 0.016304347826086956,
        "189364144": 0.018115942028985504,
        "589534569": 0.014492753623188404,
        "242801029": 0.014492753623188404,
        "755985656": 0.014492753623188404,
        "301082086": 0.014492753623188404,
        "244134907": 0.014492753623188404,
        "1289289271": 0.014492753623188404,
        "177415352": 0.014492753623188404,
        "348531997": 0.014492753623188404,
        "541893819": 0.014492753623188404,
        "917943241": 0.014492753623188404,
        "1420826720": 0.017391304347826087,
        "826063212": 0.014492753623188404,
        "627686382": 0.014492753623188404,
        "1323543992": 0.014492753623188404,
        "361664118": 0.014492753623188404,
        "17411456": 0.014492753623188404,
        "945597962": 0.014492753623188404,
        "1554194983": 0.014492753623188404,
        "1045161349": 0.014492753623188404,
        "494316299": 0.014492753623188404,
        "583099743": 0.014492753623188404,
        "131708662": 0.014492753623188404,
        "479841332": 0.014492753623188404,
        "28304661": 0.014492753623188404,
        "626761585": 0.014492753623188404,
        "109412564": 0.014492753623188404,
        "2189251880": 0.016304347826086956,
        "736826292": 0.014492753623188404,
        "568678870": 0.016304347826086956,
        "298951895": 0.014492753623188404,
        "1462880222": 0.014492753623188404,
        "372862789": 0.014492753623188404,
        "259474841": 0.016304347826086956,
        "308482067": 0.014492753623188404,
        "189376231": 0.014492753623188404,