{
    "number_of_nodes": 91.0,
    "number_of_edges": 90.0,
    "cascade_size": 90.0,
    "tree_depth": 7.0,
    "in_degree_distribution": [
        0,
        1,
        1,
        1,
        1,
        1,
        1,
        1,
        1,
        1,
        1,
        1,
        1,
        1,
        1,
        1,
        1,
        1,
        1,
        1,
        1,
        1,
        1,
        1,
        1,
        1,
        1,
        1,
        1,
        1,
        1,
        1,
        1,
        1,
        1,
        1,
        1,
        1,
        1,
        1,
        1,
        1,
        1,
        1,
        1,
        1,
        1,
        1,
        1,
        1,
        1,
        1,
        1,
        1,
        1,
        1,
        1,
        1,
        1,
        1,
        1,
        1,
        1,
        1,
        1,
        1,
        1,
        1,
        1,
        1,
        1,
        1,
        1,
        1,
        1,
        1,
        1,
        1,
        1,
        1,
        1,
        1,
        1,
        1,
        1,
        1,
        1,
        1,
        1,
        1,
        1
    ],
    "out_degree_distribution": [
        1,
        49,
        2,
        0,
        0,
        5,
        0,
        0,
        0,
        1,
        0,
        0,
        0,
        0,
        0,
        0,
        0,
        0,
        0,
        0,
        0,
        0,
        0,
        0,
        0,
        0,
        0,
        0,
        0,
        2,
        0,
        2,
        17,
        0,
        0,
        0,
        2,
        1,
        0,
        2,
        3,
        0,
        0,
        0,
        0,
        0,
        0,
        0,
        0,
        0,
        0,
        0,
        0,
        0,
        0,
        0,
        0,
        0,
        0,
        0,
        0,
        0,
        0,
        1,
        0,
        0,
        1,
        0,
        0,
        0,
        0,
        0,
        0,
        0,
        0,
        0,
        0,
        0,
        0,
        0,
        0,
        1,
        0,
        0,
        0,
        0,
        0,
        0,
        0,
        0,
        0
    ],
    "propagation_delay_min": 0.0,
    "propagation_delay_mean": 143.5468888888889,
    "propagation_delay_max": 804.15,
    "reaction_time_min": 0.0,
    "reaction_time_mean": 143.5468888888889,
    "reaction_time_max": 804.15,
    "betweenness_centrality": {
        "ROOT": 0.0,
        "2779009591": 0.011111111111111112,
        "987487946": 0.0004993757802746567,
        "865113128": 0.0,
        "2312152717": 0.0,
        "2591260712": 0.0012484394506866417,
        "1949150929": 0.0,
        "2864463429": 0.0,
        "48733506": 0.0,
        "403436252": 0.00024968789013732833,
        "2370661802": 0.0,
        "364236845": 0.0,
        "54336446": 0.0,
        "376695755": 0.0,
        "66271976": 0.0,
        "1263443612": 0.0,
        "2669709960": 0.0,
        "819764148": 0.0,
        "94534308": 0.0,
        "145647675": 0.0,
        "47593615": 0.0,
        "425418920": 0.0,
        "2459596554": 0.0,
        "1106938471": 0.0,
        "244200716": 0.0,
        "463732269": 0.0,
        "2800409779": 0.0,
        "1445912984": 0.0,
        "40041523": 0.0,
        "375198996": 0.00749063670411985,
        "1267085329": 0.0,
        "47408060": 0.01048689138576779,
        "69004966": 0.009488139825218476,
        "1373505554": 0.0,
        "25168306": 0.0,
        "37979842": 0.0,
        "104271823": 0.0034956304619225965,
        "15249113": 0.00024968789013732833,
        "25809254": 0.0,
        "1103744480": 0.003121098626716604,
        "266867464": 0.002247191011235955,
        "2511641": 0.0,
        "18763126": 0.0,
        "200918966": 0.0,
        "5435862": 0.0,
        "2734913390": 0.0,
        "134971995": 0.0,
        "1957948550": 0.0,
        "16995728": 0.0,
        "25201206": 0.0,
        "190640054": 0.0,
        "53161721": 0.0,
        "920277535": 0.0,
        "25584105": 0.0,
        "44869696": 0.0,
        "38671143": 0.0,
        "55011118": 0.0,
        "405675397": 0.0,
        "296526981": 0.0,
        "2272146924": 0.0,
        "116318186": 0.0,
        "29691747": 0.0,
        "2163248447": 0.0,
        "525452610": 0.0006242197253433209,
        "315535724": 0.0,
        "24372637": 0.0,
        "279680165": 0.0006242197253433209,
        "495287492": 0.0,
        "555579293": 0.0,
        "67372194": 0.0,
        "2317241800": 0.0,
        "272423465": 0.0,
        "61678006": 0.0,
        "48376811": 0.0,
        "1043030330": 0.0,
        "977727912": 0.0,
        "268265145": 0.0,
        "18995594": 0.0,
        "103994967": 0.0,
        "43844930": 0.0,
        "2888934010": 0.0,
        "555858404": 0.00024968789013732833,
        "750984168": 0.0,
        "2786512625": 0.0,
        "261558942": 0.0,
        "458400863": 0.0,
        "329903908": 0.0,
        "914312125": 0.0,
        "547919714": 0.0,
        "1092054368": 0.0,
        "256852548": 0.0
    },
    "closeness_centrality": {
        "ROOT": 0.0,
        "2779009591": 0.011111111111111112,
        "987487946": 0.014814814814814815,
        "865113128": 0.014814814814814815,
        "2312152717": 0.014814814814814815,
        "2591260712": 0.014814814814814815,
        "1949150929": 0.014814814814814815,
        "2864463429": 0.016666666666666666,
        "48733506": 0.016666666666666666,
        "403436252": 0.014814814814814815,
        "2370661802": 0.014814814814814815,
        "364236845": 0.014814814814814815,
        "54336446": 0.014814814814814815,
        "376695755": 0.016666666666666666,
        "66271976": 0.014814814814814815,
        "1263443612": 0.016666666666666666,
        "2669709960": 0.014814814814814815,
        "819764148": 0.014814814814814815,
        "94534308": 0.014814814814814815,
        "145647675": 0.014814814814814815,
        "47593615": 0.016666666666666666,
        "425418920": 0.014814814814814815,
        "2459596554": 0.014814814814814815,
        "1106938471": 0.016666666666666666,
        "244200716": 0.014814814814814815,
        "463732269": 0.014814814814814815,
        "2800409779": 0.014814814814814815,
        "1445912984": 0.014814814814814815,
        "40041523": 0.016666666666666666,
        "375198996": 0.014814814814814815,
        "1267085329": 0.014814814814814815,
        "47408060": 0.016666666666666666,
        "69004966": 0.017777777777777778,
        "1373505554": 0.016666666666666666,
        "25168306": 0.014814814814814815,
        "37979842": 0.018518518518518517,
        "104271823": 0.017777777777777778,
        "15249113": 0.014814814814814815,
        "25809254": 0.014814814814814815,
        "1103744480": 0.018518518518518517,
        "266867464": 0.019047619047619046,
        "2511641": 0.014814814814814815,
        "18763126": 0.018518518518518517,
        "200918966": 0.016666666666666666,
        "5435862": 0.018518518518518517,
        "2734913390": 0.014814814814814815,
        "134971995": 0.014814814814814815,
        "1957948550": 0.014814814814814815,
        "16995728": 0.014814814814814815,
        "25201206": 0.014814814814814815,
        "190640054": 0.014814814814814815,
        "53161721": 0.018518518518518517,
        "920277535": 0.018518518518518517,
        "25584105": 0.018518518518518517,
        "44869696": 0.019444444444444445,
        "38671143": 0.014814814814814815,
        "55011118": 0.014814814814814815,
        "405675397": 0.018518518518518517,
        "296526981": 0.014814814814814815,
        "2272146924": 0.016666666666666666,
        "116318186": 0.019444444444444445,
        "29691747": 0.014814814814814815,
        "2163248447": 0.018518518518518517,
        "525452610": 0.018518518518518517,
        "315535724": 0.018518518518518517,
        "24372637": 0.018518518518518517,
        "279680165": 0.018518518518518517,
        "495287492": 0.014814814814814815,