{
    "number_of_nodes": 95.0,
    "number_of_edges": 96.0,
    "cascade_size": 94.0,
    "tree_depth": 4.0,
    "in_degree_distribution": [
        0,
        1,
        1,
        1,
        1,
        1,
        1,
        1,
        1,
        1,
        1,
        1,
        1,
        1,
        1,
        1,
        1,
        1,
        1,
        1,
        1,
        1,
        1,
        1,
        1,
        1,
        1,
        1,
        1,
        1,
        1,
        1,
        1,
        1,
        1,
        1,
        1,
        1,
        1,
        1,
        1,
        1,
        1,
        1,
        1,
        1,
        1,
        1,
        1,
        1,
        1,
        1,
        2,
        1,
        1,
        1,
        1,
        1,
        1,
        1,
        1,
        1,
        1,
        1,
        1,
        1,
        1,
        1,
        1,
        1,
        1,
        1,
        2,
        1,
        1,
        1,
        1,
        1,
        1,
        1,
        1,
        1,
        1,
        1,
        1,
        1,
        1,
        1,
        1,
        1,
        1,
        1,
        1,
        1,
        1
    ],
    "out_degree_distribution": [
        1,
        31,
        0,
        0,
        0,
        0,
        59,
        0,
        0,
        0,
        0,
        0,
        2,
        0,
        1,
        0,
        0,
        0,
        0,
        0,
        0,
        0,
        0,
        0,
        0,
        0,
        0,
        0,
        1,
        0,
        0,
        0,
        0,
        0,
        0,
        0,
        0,
        0,
        0,
        0,
        0,
        0,
        0,
        1,
        0,
        0,
        0,
        0,
        0,
        0,
        0,
        0,
        0,
        0,
        0,
        0,
        0,
        0,
        0,
        0,
        0,
        0,
        0,
        0,
        0,
        0,
        0,
        0,
        0,
        0,
        0,
        0,
        0,
        0,
        0,
        0,
        0,
        0,
        0,
        0,
        0,
        0,
        0,
        0,
        0,
        0,
        0,
        0,
        0,
        0,
        0,
        0,
        0,
        0,
        0
    ],
    "propagation_delay_min": 0.0,
    "propagation_delay_mean": 50.00333333333333,
    "propagation_delay_max": 445.28,
    "reaction_time_min": 0.0,
    "reaction_time_mean": 50.00333333333333,
    "reaction_time_max": 445.28,
    "betweenness_centrality": {
        "ROOT": 0.0,
        "372502604": 0.010638297872340425,
        "9507342": 0.0,
        "23158583": 0.0,
        "2962894445": 0.0,
        "2816816496": 0.0,
        "972651": 0.013269274765499887,
        "2866533985": 0.0,
        "429707643": 0.0,
        "37627568": 0.0,
        "2576471473": 0.0,
        "2957219621": 0.0,
        "22521283": 0.0004575611988103409,
        "15638375": 0.0,
        "2924340597": 0.00022878059940517045,
        "16925606": 0.0,
        "105243947": 0.0,
        "2933296035": 0.0,
        "59810787": 0.0,
        "624431752": 0.0,
        "300388340": 0.0,
        "195229666": 0.0,
        "345330923": 0.0,
        "2651415730": 0.0,
        "451766437": 0.0,
        "136791161": 0.0,
        "195523839": 0.0,
        "15470994": 0.0,
        "2519997950": 0.00034317089910775565,
        "54884983": 0.0,
        "321949403": 0.0,
        "889285226": 0.0,
        "248194467": 0.0,
        "62819582": 0.0,
        "3840981": 0.0,
        "15808668": 0.0,
        "182110579": 0.0,
        "14723131": 0.0,
        "84726837": 0.0,
        "123842239": 0.0,
        "2957442377": 0.0,
        "341661573": 0.0,
        "782188574": 0.0,
        "757345172": 0.00022878059940517045,
        "1658896992": 0.0,
        "734005788": 0.0,
        "92657736": 0.0,
        "104002737": 0.0,
        "472313206": 0.0,
        "1536797588": 0.0,
        "1054431": 0.0,
        "16182164": 0.0,
        "332969934": 0.0,
        "160280236": 0.0,
        "2835473642": 0.0,
        "22277535": 0.0,
        "2836055057": 0.0,
        "2216958990": 0.0,
        "28334612": 0.0,
        "1477776883": 0.0,
        "113455836": 0.0,
        "76291211": 0.0,
        "428225985": 0.0,
        "377967801": 0.0,
        "516510806": 0.0,
        "128816850": 0.0,
        "2157975905": 0.0,
        "15434448": 0.0,
        "1004153972": 0.0,
        "321668538": 0.0,
        "1307358956": 0.0,
        "44612560": 0.0,
        "2164830257": 0.0,
        "2820744853": 0.0,
        "333528444": 0.0,
        "448692570": 0.0,
        "43095495": 0.0,
        "46453495": 0.0,
        "792143551": 0.0,
        "65979931": 0.0,
        "621419621": 0.0,
        "184021691": 0.0,
        "2775723830": 0.0,
        "268959309": 0.0,
        "944526506": 0.0,
        "2246131453": 0.0,
        "267146465": 0.0,
        "47922541": 0.0,
        "2292986593": 0.0,
        "189493795": 0.0,
        "18559103": 0.0,
        "18502089": 0.0,
        "18496526": 0.0,
        "1589383064": 0.0,
        "62708802": 0.0
    },
    "closeness_centrality": {
        "ROOT": 0.0,
        "372502604": 0.010638297872340425,
        "9507342": 0.014184397163120567,
        "23158583": 0.014184397163120567,
        "2962894445": 0.014184397163120567,
        "2816816496": 0.014184397163120567,
        "972651": 0.014184397163120567,
        "2866533985": 0.015957446808510637,
        "429707643": 0.015957446808510637,
        "37627568": 0.015957446808510637,
        "2576471473": 0.014184397163120567,
        "2957219621": 0.015957446808510637,
        "22521283": 0.014184397163120567,
        "15638375": 0.014184397163120567,
        "2924340597": 0.014184397163120567,
        "16925606": 0.015957446808510637,
        "105243947": 0.015957446808510637,
        "2933296035": 0.014184397163120567,
        "59810787": 0.015957446808510637,
        "624431752": 0.015957446808510637,
        "300388340": 0.015957446808510637,
        "195229666": 0.015957446808510637,
        "345330923": 0.014184397163120567,
        "2651415730": 0.014184397163120567,
        "451766437": 0.014184397163120567,
        "136791161": 0.014184397163120567,
        "195523839": 0.015957446808510637,
        "15470994": 0.015957446808510637,
        "2519997950": 0.015957446808510637,
        "54884983": 0.015957446808510637,
        "321949403": 0.015957446808510637,
        "889285226": 0.015957446808510637,
        "248194467": 0.014184397163120567,
        "62819582": 0.015957446808510637,
        "3840981": 0.015957446808510637,
        "15808668": 0.015957446808510637,
        "182110579": 0.015957446808510637,
        "14723131": 0.014184397163120567,
        "84726837": 0.015957446808510637,
        "123842239": 0.015957446808510637,
        "2957442377": 0.014184397163120567,
        "341661573": 0.015957446808510637,
        "782188574": 0.015957446808510637,
        "757345172": 0.014184397163120567,
        "1658896992": 0.015957446808510637,
        "734005788": 0.015957446808510637,
        "92657736": 0.015957446808510637,
        "104002737": 0.015957446808510637,
        "472313206": 0.015957446808510637,
        "1536797588": 0.014184397163120567,
        "1054431": 0.015957446808510637,
        "16182164": 0.015957446808510637,
        "332969934": 0.023936170212765957,
        "160280236": 0.015957446808510637,
        "2835473642": 0.014184397163120567,
        "22277535": 0.015957446808510637,
        "2836055057": 0.015957446808510637,
        "2216958990": 0.014184397163120567,
        "28334612": 0.015957446808510637,
        "1477776883": 0.015957446808510637,
        "113455836": 0.015957446808510637,
        "76291211": 0.015957446808510637,
        "428225985": 0.015957446808510637,
        "377967801": 0.014184397163120567,
        "516510806": 0.015957446808510637,
        "128816850": 0.014184397163120567,
        "2157975905": 0.015957446808510637,