{
    "mse": 2.1282470104515143,
    "mae": 0.8970648674618844,
    "r2": 0.6083551318713512,
    "cross_val_mse": 2.4524699545260926,
    "feature_importances": [
        [
            0.999987675577028,
            1.217100653275328e-05,
            -0.0009146500072312045,
            -0.0009146500072312045,
            -3.447886868491665e-05,
            -0.00020831022207374263,
            2.8789982162941012e-05,
            1.2707986307566885e-06,
            7.590543964895943e-07
        ],
        [
            0.04832066639958807,
            -0.04851731654503533,
            -7.527700832055684,
            -7.527700832055682,
            0.7526345194904213,
            -1.1929649367680841,
            -0.6118871716578902,
            0.41988029307215796,
            0.08715373313158292
        ]
    ]
}