{
    "mse": 2.1904607990635006,
    "mae": 0.9218875353645162,
    "r2": 0.5671701613934583,
    "cross_val_mse": 2.5965351851601466,
    "feature_importances": [
        [
            0.9999864502738995,
            1.33417034569535e-05,
            -0.0008439981925709916,
            -0.0008439981925709918,
            -2.33235051682071e-05,
            -0.00016407472672642936,
            9.497465976776004e-06,
            2.3222553498959965e-05,
            -1.4683965002755297e-06
        ],
        [
            0.03427394769971078,
            -0.034892864199829204,
            -7.805260178109051,
            -7.805260178109051,
            0.595425417002325,
            -1.7226270512356954,
            -0.06003965282433725,
            0.6549279910671242,
            0.02457889643227507
        ]
    ]
}