{
    "number_of_nodes": 93.0,
    "number_of_edges": 94.0,
    "cascade_size": 92.0,
    "tree_depth": "Graph contains a cycle",
    "in_degree_distribution": [
        0,
        2,
        1,
        1,
        1,
        1,
        1,
        1,
        1,
        1,
        1,
        1,
        1,
        1,
        1,
        1,
        1,
        1,
        1,
        1,
        1,
        1,
        1,
        1,
        1,
        1,
        1,
        1,
        1,
        1,
        1,
        1,
        1,
        1,
        1,
        1,
        1,
        1,
        1,
        1,
        1,
        1,
        1,
        1,
        1,
        1,
        1,
        1,
        1,
        1,
        1,
        1,
        1,
        1,
        1,
        1,
        1,
        1,
        1,
        1,
        1,
        1,
        1,
        1,
        1,
        1,
        2,
        1,
        1,
        1,
        1,
        1,
        1,
        1,
        1,
        1,
        1,
        1,
        1,
        1,
        1,
        1,
        1,
        1,
        1,
        1,
        1,
        1,
        1,
        1,
        1,
        1,
        1
    ],
    "out_degree_distribution": [
        1,
        84,
        2,
        0,
        0,
        0,
        0,
        0,
        1,
        1,
        0,
        0,
        0,
        0,
        0,
        0,
        0,
        0,
        0,
        0,
        0,
        0,
        0,
        0,
        0,
        0,
        0,
        0,
        0,
        0,
        1,
        0,
        0,
        0,
        0,
        0,
        0,
        0,
        0,
        0,
        0,
        0,
        0,
        0,
        0,
        0,
        0,
        0,
        0,
        0,
        0,
        0,
        1,
        0,
        0,
        0,
        0,
        0,
        2,
        1,
        0,
        0,
        0,
        0,
        0,
        0,
        0,
        0,
        0,
        0,
        0,
        0,
        0,
        0,
        0,
        0,
        0,
        0,
        0,
        0,
        0,
        0,
        0,
        0,
        0,
        0,
        0,
        0,
        0,
        0,
        0,
        0,
        0
    ],
    "propagation_delay_min": 0.0,
    "propagation_delay_mean": 522.6221276595745,
    "propagation_delay_max": 10408.2,
    "reaction_time_min": 0.0,
    "reaction_time_mean": 522.6221276595745,
    "reaction_time_max": 10408.2,
    "betweenness_centrality": {
        "ROOT": 0.0,
        "50434933": 0.021619684663162924,
        "3092625141": 0.001075011944577162,
        "61442272": 0.0,
        "737450550": 0.0,
        "3293082108": 0.0,
        "29393538": 0.0,
        "30336420": 0.0,
        "37865196": 0.000358337314859054,
        "136147874": 0.0,
        "1280947238": 0.0,
        "227570451": 0.0,
        "18424276": 0.0,
        "3154200820": 0.0,
        "341027410": 0.0,
        "95075846": 0.0,
        "801624170": 0.0,
        "58585996": 0.0,
        "1937716140": 0.0,
        "767851026": 0.0,
        "3308992078": 0.0,
        "714361796": 0.0,
        "3347290719": 0.0,
        "23025142": 0.0,
        "465158270": 0.0,
        "62493973": 0.0,
        "231076439": 0.0,
        "563264623": 0.0,
        "291965623": 0.0,
        "137716570": 0.0,
        "383851664": 0.000358337314859054,
        "570115053": 0.0,
        "244764460": 0.0,
        "2276089757": 0.0,
        "41939296": 0.0,
        "58821384": 0.0,
        "234078455": 0.0,
        "22089171": 0.0,
        "3242715859": 0.0,
        "125732984": 0.0,
        "166426753": 0.0,
        "23118937": 0.0,
        "980237238": 0.0,
        "2648904529": 0.0,
        "15157567": 0.0,
        "363713851": 0.0,
        "137145948": 0.0,
        "1697561382": 0.0,
        "16850822": 0.0,
        "2971422114": 0.0,
        "2906382661": 0.0,
        "18328738": 0.0,
        "1411570177": 0.00047778308647873863,
        "72169850": 0.0,
        "1327557864": 0.0,
        "455579164": 0.0,
        "2165611236": 0.0,
        "1342666177": 0.0,
        "19850687": 0.000716674629718108,
        "340326586": 0.0,
        "18111483": 0.0,
        "359928092": 0.0,
        "49817946": 0.0,
        "898589587": 0.0,
        "1961466318": 0.0,
        "531486752": 0.0,
        "77316527": 0.0,
        "1388634679": 0.0,
        "400294294": 0.0,
        "884648612": 0.0,
        "541086423": 0.0,
        "565112744": 0.0,
        "992543772": 0.0,
        "58869220": 0.0,
        "2942505723": 0.0,
        "114342695": 0.0,
        "315955129": 0.0,
        "2924501005": 0.0,
        "526610167": 0.0,
        "2688928244": 0.0,
        "2564093299": 0.0,
        "3377990547": 0.0,
        "2194951358": 0.0,
        "2246442032": 0.0,
        "24924654": 0.0,
        "3434495765": 0.0,
        "463162523": 0.0,
        "20711258": 0.0,
        "89835497": 0.0,
        "1904454054": 0.0,
        "38685278": 0.0,
        "1031287832": 0.0,
        "167957194": 0.0
    },
    "closeness_centrality": {
        "ROOT": 0.0,
        "50434933": 0.021739130434782608,
        "3092625141": 0.019565217391304346,
        "61442272": 0.019565217391304346,
        "737450550": 0.019565217391304346,
        "3293082108": 0.019565217391304346,
        "29393538": 0.019565217391304346,
        "30336420": 0.019565217391304346,
        "37865196": 0.019565217391304346,
        "136147874": 0.014492753623188404,
        "1280947238": 0.019565217391304346,
        "227570451": 0.019565217391304346,
        "18424276": 0.019565217391304346,
        "3154200820": 0.019565217391304346,
        "341027410": 0.019565217391304346,
        "95075846": 0.019565217391304346,
        "801624170": 0.019565217391304346,
        "58585996": 0.019565217391304346,
        "1937716140": 0.019565217391304346,
        "767851026": 0.019565217391304346,
        "3308992078": 0.019565217391304346,
        "714361796": 0.019565217391304346,
        "3347290719": 0.019565217391304346,
        "23025142": 0.019565217391304346,
        "465158270": 0.019565217391304346,
        "62493973": 0.019565217391304346,
        "231076439": 0.019565217391304346,
        "563264623": 0.01932367149758454,
        "291965623": 0.019565217391304346,
        "137716570": 0.019565217391304346,
        "383851664": 0.019565217391304346,
        "570115053": 0.019565217391304346,
        "244764460": 0.019565217391304346,
        "2276089757": 0.019565217391304346,
        "41939296": 0.019565217391304346,
        "58821384": 0.019565217391304346,
        "234078455": 0.019565217391304346,
        "22089171": 0.019565217391304346,
        "3242715859": 0.019565217391304346,
        "125732984": 0.019565217391304346,
        "166426753": 0.01932367149758454,
        "23118937": 0.019565217391304346,
        "980237238": 0.019565217391304346,
        "2648904529": 0.019565217391304346,
        "15157567": 0.019565217391304346,
        "363713851": 0.019565217391304346,
        "137145948": 0.019565217391304346,
        "1697561382": 0.019565217391304346,
        "16850822": 0.019565217391304346,
        "2971422114": 0.019565217391304346,
        "2906382661": 0.019565217391304346,
        "18328738": 0.019565217391304346,
        "1411570177": 0.01932367149758454,
        "72169850": 0.019565217391304346,
        "1327557864": 0.019565217391304346,
        "455579164": 0.019565217391304346,
        "2165611236": 0.019409937888198756,
        "1342666177": 0.019565217391304346,
        "19850687": 0.019565217391304346,
        "340326586": 0.019565217391304346,
        "18111483": 0.019565217391304346,
        "359928092": 0.019565217391304346,
        "49817946": 0.01932367149758454,
        "898589587": 0.01932367149758454,
        "1961466318": 0.019565217391304346,
        "531486752": 0.019565217391304346,
        "77316527": 0.02898550724637681,
        "1388634679": 0.019565217391304346,