{
    "number_of_nodes": 91.0,
    "number_of_edges": 90.0,
    "cascade_size": 90.0,
    "tree_depth": 3.0,
    "in_degree_distribution": [
        0,
        1,
        1,
        1,
        1,
        1,
        1,
        1,
        1,
        1,
        1,
        1,
        1,
        1,
        1,
        1,
        1,
        1,
        1,
        1,
        1,
        1,
        1,
        1,
        1,
        1,
        1,
        1,
        1,
        1,
        1,
        1,
        1,
        1,
        1,
        1,
        1,
        1,
        1,
        1,
        1,
        1,
        1,
        1,
        1,
        1,
        1,
        1,
        1,
        1,
        1,
        1,
        1,
        1,
        1,
        1,
        1,
        1,
        1,
        1,
        1,
        1,
        1,
        1,
        1,
        1,
        1,
        1,
        1,
        1,
        1,
        1,
        1,
        1,
        1,
        1,
        1,
        1,
        1,
        1,
        1,
        1,
        1,
        1,
        1,
        1,
        1,
        1,
        1,
        1,
        1
    ],
    "out_degree_distribution": [
        1,
        86,
        0,
        0,
        0,
        0,
        0,
        0,
        0,
        0,
        0,
        0,
        0,
        0,
        1,
        0,
        0,
        0,
        0,
        0,
        0,
        0,
        0,
        0,
        0,
        0,
        0,
        0,
        0,
        0,
        0,
        0,
        0,
        0,
        0,
        0,
        0,
        0,
        0,
        0,
        0,
        0,
        0,
        0,
        0,
        0,
        0,
        0,
        0,
        0,
        0,
        0,
        0,
        0,
        0,
        0,
        0,
        0,
        0,
        0,
        0,
        0,
        0,
        0,
        0,
        0,
        0,
        0,
        0,
        0,
        0,
        1,
        0,
        0,
        0,
        0,
        0,
        0,
        0,
        0,
        0,
        0,
        0,
        0,
        0,
        0,
        1,
        0,
        0,
        0,
        0
    ],
    "propagation_delay_min": 0.0,
    "propagation_delay_mean": 86.15377777777778,
    "propagation_delay_max": 1671.3,
    "reaction_time_min": 0.0,
    "reaction_time_mean": 86.15377777777778,
    "reaction_time_max": 1671.3,
    "betweenness_centrality": {
        "ROOT": 0.0,
        "573459961": 0.011111111111111112,
        "863059926": 0.0,
        "875700104": 0.0,
        "2845466098": 0.0,
        "402350360": 0.0,
        "1957900854": 0.0,
        "101447307": 0.0,
        "3400438637": 0.0,
        "2908352231": 0.0,
        "891112663": 0.0,
        "2197755542": 0.0,
        "2373734653": 0.0,
        "1332754400": 0.0,
        "451429628": 0.00024968789013732833,
        "363003531": 0.0,
        "183144444": 0.0,
        "2197106335": 0.0,
        "3156923564": 0.0,
        "839682654": 0.0,
        "1910878764": 0.0,
        "186110270": 0.0,
        "734543156": 0.0,
        "2866908532": 0.0,
        "126245539": 0.0,
        "3004560548": 0.0,
        "215151280": 0.0,
        "88765298": 0.0,
        "30395901": 0.0,
        "3360325389": 0.0,
        "515134328": 0.0,
        "426932730": 0.0,
        "352114937": 0.0,
        "3429981651": 0.0,
        "115060948": 0.0,
        "472658418": 0.0,
        "1301244769": 0.0,
        "2927197525": 0.0,
        "131581574": 0.0,
        "2168442595": 0.0,
        "33463382": 0.0,
        "38549263": 0.0,
        "475473409": 0.0,
        "3130772000": 0.0,
        "329395087": 0.0,
        "3165125449": 0.0,
        "2981903723": 0.0,
        "2348988364": 0.0,
        "382902423": 0.0,
        "337962066": 0.0,
        "84243338": 0.0,
        "1693857102": 0.0,
        "257944462": 0.0,
        "2726792182": 0.0,
        "2877341911": 0.0,
        "982229048": 0.0,
        "129324005": 0.0,
        "620453627": 0.0,
        "92419114": 0.0,
        "80286825": 0.0,
        "436640381": 0.0,
        "2846935066": 0.0,
        "3179311441": 0.0,
        "789744758": 0.0,
        "2309379836": 0.0,
        "1519351759": 0.0,
        "2237331138": 0.0,
        "591881400": 0.0,
        "1688838589": 0.0,
        "2628585890": 0.0,
        "3692376617": 0.0,
        "268659613": 0.00024968789013732833,
        "753765708": 0.0,
        "828756578": 0.0,
        "2976518209": 0.0,
        "278041339": 0.0,
        "68125372": 0.0,
        "433337055": 0.0,
        "708636205": 0.0,
        "1955308670": 0.0,
        "549168909": 0.0,
        "472900648": 0.0,
        "1454000450": 0.0,
        "2950294532": 0.0,
        "733517688": 0.0,
        "1084762381": 0.0,
        "1170622963": 0.00024968789013732833,
        "1377168614": 0.0,
        "211098114": 0.0,
        "860449412": 0.0,
        "2183695602": 0.0
    },
    "closeness_centrality": {
        "ROOT": 0.0,
        "573459961": 0.011111111111111112,
        "863059926": 0.014814814814814815,
        "875700104": 0.014814814814814815,
        "2845466098": 0.014814814814814815,
        "402350360": 0.014814814814814815,
        "1957900854": 0.014814814814814815,
        "101447307": 0.014814814814814815,
        "3400438637": 0.014814814814814815,
        "2908352231": 0.014814814814814815,
        "891112663": 0.014814814814814815,
        "2197755542": 0.014814814814814815,
        "2373734653": 0.014814814814814815,
        "1332754400": 0.014814814814814815,
        "451429628": 0.014814814814814815,
        "363003531": 0.014814814814814815,
        "183144444": 0.014814814814814815,
        "2197106335": 0.014814814814814815,
        "3156923564": 0.014814814814814815,
        "839682654": 0.014814814814814815,
        "1910878764": 0.014814814814814815,
        "186110270": 0.014814814814814815,
        "734543156": 0.014814814814814815,
        "2866908532": 0.014814814814814815,
        "126245539": 0.014814814814814815,
        "3004560548": 0.014814814814814815,
        "215151280": 0.014814814814814815,
        "88765298": 0.014814814814814815,
        "30395901": 0.014814814814814815,
        "3360325389": 0.014814814814814815,
        "515134328": 0.014814814814814815,
        "426932730": 0.014814814814814815,
        "352114937": 0.014814814814814815,
        "3429981651": 0.014814814814814815,
        "115060948": 0.014814814814814815,
        "472658418": 0.014814814814814815,
        "1301244769": 0.014814814814814815,
        "2927197525": 0.014814814814814815,
        "131581574": 0.014814814814814815,
        "2168442595": 0.014814814814814815,
        "33463382": 0.014814814814814815,
        "38549263": 0.014814814814814815,
        "475473409": 0.016666666666666666,
        "3130772000": 0.014814814814814815,
        "329395087": 0.014814814814814815,
        "3165125449": 0.014814814814814815,
        "2981903723": 0.014814814814814815,
        "2348988364": 0.014814814814814815,
        "382902423": 0.014814814814814815,
        "337962066": 0.014814814814814815,
        "84243338": 0.014814814814814815,
        "1693857102": 0.014814814814814815,
        "257944462": 0.014814814814814815,
        "2726792182": 0.014814814814814815,
        "2877341911": 0.014814814814814815,
        "982229048": 0.014814814814814815,
        "129324005": 0.014814814814814815,
        "620453627": 0.014814814814814815,
        "92419114": 0.014814814814814815,
        "80286825": 0.014814814814814815,
        "436640381": 0.014814814814814815,
        "2846935066": 0.014814814814814815,
        "3179311441": 0.014814814814814815,
        "789744758": 0.014814814814814815,
        "2309379836": 0.014814814814814815,
        "1519351759": 0.014814814814814815,
        "2237331138": 0.014814814814814815,
        "591881400": 0.014814814814814815,
        "1688838589": 0.014814814814814815,
        "2628585890": 0.014814814814814815,